{"JOURS_FIN_ENGAGEMENT":0.7344826214,"NB_REENGAGEMENTS":0.0406085884,"ANCIENNETE_MOIS":0.0039864155,"ENGAGEMENT_EXPIRE":0.2009948337,"TENDANCE_SMS":0.4913048567,"AGE":-0.2378702835,"VOL_APPELS_M1":0.0000080896,"VOL_APPELS_MOY":0.0000085132,"VOL_APPELS_M3":0.0000084502,"VOL_APPELS_M5":0.0000084552,"VOL_APPELS_M2":0.0000081129,"VOL_APPELS_M4":0.0000082686,"TENDANCE_APPELS":0.5016728348,"VOL_APPELS_M6":0.0000083997,"DUREE_OFFRE":-0.0220213387,"TAILLE_VILLE":-0.0000462764,"REVENU_MOYEN_VILLE":0.0000047882,"NB_SERVICES":0.0091243824,"TELEPHONE_Haut de gamme":0.3832031083,"NB_SMS_M1":0.0003510864,"NB_SMS_MOY":0.0003633355,"DUREE_OFFRE_INIT":-0.0228745635,"NB_SMS_M2":0.0003558512,"NB_SMS_M3":0.000351127,"NB_SMS_M6":0.0003555722,"NB_SMS_M5":0.0003565282,"FLAG_MIGRATION_BAISSE":0.5033730413,"NB_SMS_M4":0.0003509568,"NB_MIGRATIONS":0.0087143005,"FLAG_TELECHARGEMENT_SONNERIE":0.1364373853,"CSP_Etudiant":0.1505913496,"SEGMENT_NUM":0.1095651339,"FLAG_PERSONNALISATION_REPONDEUR":0.1943768413,"TELEPHONE_INIT_Carte SIM seule":0.1727296016,"TELEPHONE_INIT_Milieu de gamme":0.2375645788}