{"TAILLE_VILLE": 0.07131419332602171, "REVENU_MOYEN_VILLE": 0.2754978867508084, "DUREE_OFFRE_INIT": 0.28135534736732565, "DUREE_OFFRE": 0.3105589041546058, "NB_MIGRATIONS": 0.11848451252166325, "FLAG_MIGRATION_HAUSSE": 0.3898225714137052, "FLAG_MIGRATION_BAISSE": 0.47242312295124617, "NB_SERVICES": 0.16896618508304861, "FLAG_PERSONNALISATION_REPONDEUR": 0.20929809043134398, "FLAG_TELECHARGEMENT_SONNERIE": 0.15138664862896092, "NB_REENGAGEMENTS": 0.18624798376606483, "VOL_APPELS_M6": 0.41248630261354374, "VOL_APPELS_M5": 0.4142030484143178, "VOL_APPELS_M4": 0.4097922072001885, "VOL_APPELS_M3": 0.41518311359371823, "VOL_APPELS_M2": 0.4068204111736535, "VOL_APPELS_M1": 0.4063034164446552, "FLAG_APPELS_VERS_INTERNATIONAL": 0.2730891305478953, "FLAG_APPELS_DEPUIS_INTERNATIONAL": 0.1735001821114522, "FLAG_APPELS_NUMEROS_SPECIAUX": 0.5994068369842344, "NB_SMS_M6": 0.19435925123254083, "NB_SMS_M5": 0.1947117977665746, "NB_SMS_M4": 0.1932780962507714, "NB_SMS_M3": 0.19275736189800496, "NB_SMS_M2": 0.1950259412418937, "NB_SMS_M1": 0.1936645114870002, "AGE": 0.2806010611827772, "ANCIENNETE_MOIS": 0.35250499127062, "JOURS_FIN_ENGAGEMENT": 0.846617994690571, "ENGAGEMENT_EXPIRE": 0.1316145481034393, "VOL_APPELS_MOY": 0.4161611726561766, "TENDANCE_APPELS": 0.5061474532546211, "NB_SMS_MOY": 0.19676333008662958, "TENDANCE_SMS": 0.4873191281953445, "SEGMENT_NUM": 0.1986705863988761, "SEXE_Masculin": 0.5166501899162287, "CSP_Cadre": 0.07065924345699569, "CSP_Commer\u00e7ant": 0.04133929965138665, "CSP_Employ\u00e9": 0.324860814818669, "CSP_Etudiant": 0.1340080129038972, "CSP_Fonctionnaire": 0.09560851240959467, "CSP_Profession lib\u00e9rale": 0.0485717258962485, "CSP_Sans emploi": 0.06207398928144024, "TYPE_VILLE_P\u00e9ri-urbaine": 0.0988605026276081, "TYPE_VILLE_Rurale": 0.06108538425516416, "TYPE_VILLE_Urbaine": 0.8166397835475311, "ENSEIGNE_Grande distribution": 0.37769915188095116, "ENSEIGNE_Internet": 0.40485977418179925, "MODE_PAIEMENT_TIP": 0.08676309901659816, "MODE_PAIEMENT_Virement": 0.9012695769811124, "TELEPHONE_INIT_Carte SIM seule": 0.1590353296217285, "TELEPHONE_INIT_Haut de gamme": 0.18994224465372808, "TELEPHONE_INIT_Milieu de gamme": 0.2516520110307508, "TELEPHONE_Haut de gamme": 0.4191164992975701, "TELEPHONE_Milieu de gamme": 0.458088350070243, "SITUATION_IMPAYES_Aucun impay\u00e9": 0.5694885269785108, "SITUATION_IMPAYES_Est en impay\u00e9": 0.16249544721369477}