{
  "Accuracy": {
    "Random Forest": 0.9051484725486008,
    "XGBoost": 0.9016235847041231,
    "MLP": 0.8776970732749413
  },
  "Precision": {
    "Random Forest": 0.6992443324937028,
    "XGBoost": 0.7250593824228029,
    "MLP": 0.6923631123919308
  },
  "Recall": {
    "Random Forest": 0.8266825491363907,
    "XGBoost": 0.7272185824895772,
    "MLP": 0.5723645026801668
  },
  "F1-Score": {
    "Random Forest": 0.75764192139738,
    "XGBoost": 0.7261373773416593,
    "MLP": 0.6266710140202152
  },
  "ROC-AUC": {
    "Random Forest": 0.9534298979430389,
    "XGBoost": 0.9401370118832472,
    "MLP": 0.8990292607837497
  },
  "AP (PR-AUC)": {
    "Random Forest": 0.8171654152575467,
    "XGBoost": 0.7841284234496618,
    "MLP": 0.6477768745320169
  }
}